accident_date,accident_time,expw_step,weather_state,injur_man,injur_femel,dead_man,dead_femel,cause
2022-05-31,05:15:15,ศรีรัช,ปกติ,,0.0,0.0,0.0,ละสายตาจากการขับขี่
2022-05-31,06:44:44,ศรีรัช,ปกติ,0.0,,0.0,0.0,ล้อหลุด
2022-05-31,20:33:33,,ปกติ,0.0,1.0,0.0,0.0,ขับรถกระชั้นชิด
2022-05-31,,บางพลี-สุขสวัสดิ์,,2.0,0.0,0.0,0.0,ขับรถเร็วเกินไป
2022-05-31,09:49:49,,ปกติ,0.0,0.0,,0.0,ยางแตก
2022-05-30,10:55:55,บูรพาวิถี,,,,0.0,0.0,ขับรถเร็วเกินไป
,17:46:46,,ปกติ,,0.0,0.0,0.0,เปลี่ยนช่องทางกระทันหัน
2022-05-30,12:12:12,บางพลี-สุขสวัสดิ์,ปกติ,0.0,0.0,0.0,0.0,ขับรถเร็วเกินไป
2022-05-29,22:55:55,ฉลองรัช,ปกติ,,0.0,0.0,0.0,เปลี่ยนช่องทางกระทันหัน
2022-05-29,06:50:50,,ปกติ,0.0,0.0,0.0,0.0,
2022-05-29,,บูรพาวิถี,ปกติ,0.0,0.0,0.0,0.0,บรรทุกหนักเกินไป
2022-05-29,,เฉลิมมหานคร,,,2.0,0.0,0.0,
2022-05-28,00:23:23,ศรีรัช,,,,0.0,0.0,
2022-05-28,,ศรีรัช,ปกติ,0.0,0.0,,0.0,เบรกกะทันหัน
2022-05-28,22:47:47,บูรพาวิถี,,0.0,1.0,0.0,0.0,
,10:48:48,บางพลี-สุขสวัสดิ์,ปกติ,,,0.0,,ขับรถเร็วเกินไป
2022-05-28,05:31:31,ทางหลวงพิเศษหมายเลข 37,ปกติ,0.0,0.0,0.0,0.0,
,,ศรีรัช,,1.0,,0.0,0.0,เปลี่ยนช่องทางกระทันหัน
,05:12:12,,ปกติ,,0.0,,0.0,เปลี่ยนช่องทางกระทันหัน
2022-05-27,,ฉลองรัช,ปกติ,0.0,0.0,0.0,0.0,
2022-05-27,,อุดรรัถยา,,0.0,1.0,,0.0,
2022-05-27,17:34:34,บางพลี-สุขสวัสดิ์,ปกติ,,,,0.0,ขับรถเร็วเกินไป
2022-05-26,23:15:15,ศรีรัช,ปกติ,0.0,0.0,,0.0,เปลี่ยนช่องทางกระทันหัน
,10:02:02,บูรพาวิถี,,0.0,0.0,0.0,,ขับรถกระชั้นชิด
2022-05-26,05:54:54,อุดรรัถยา,ปกติ,0.0,,,0.0,ยางแตก
2022-05-26,01:59:59,บางพลี-สุขสวัสดิ์,ปกติ,2.0,0.0,0.0,0.0,หลับใน
,15:21:21,บางพลี-สุขสวัสดิ์,ปกติ,0.0,,0.0,0.0,เปลี่ยนช่องทางกระทันหัน
2022-05-25,07:29:29,S1,ปกติ,1.0,,0.0,0.0,ยางแตกเสียหลักชนขอบทาง
,22:29:29,ฉลองรัช,ฝนตก,0.0,3.0,0.0,0.0,ขับรถเร็วเกินไป
2022-05-25,11:12:12,บูรพาวิถี,ปกติ,0.0,,,0.0,เปลี่ยนช่องทางกระทันหัน
2022-05-25,,,ปกติ,1.0,0.0,0.0,0.0,โรคประจำตัว
2022-05-24,18:45:45,,ปกติ,,,0.0,0.0,
,12:26:26,ศรีรัช,ปกติ,1.0,0.0,0.0,0.0,
2022-05-23,12:50:50,บูรพาวิถี,,1.0,0.0,0.0,,เปลี่ยนช่องทางกระทันหัน
,11:33:33,ทางหลวงพิเศษหมายเลข 37,ปกติ,0.0,0.0,0.0,,ขับรถกระชั้นชิด
2022-05-22,00:30:30,S1,ปกติ,,0.0,0.0,0.0,หลับใน
2022-05-22,10:06:06,,,0.0,0.0,0.0,0.0,เปลี่ยนช่องทางกระทันหัน
2022-05-22,19:56:56,,,0.0,,0.0,,เปลี่ยนช่องทางกระทันหัน
,23:39:39,,ปกติ,0.0,0.0,0.0,0.0,
2022-05-22,,,ปกติ,0.0,1.0,0.0,0.0,เปลี่ยนช่องทางกระทันหัน
2022-05-21,02:19:19,ฉลองรัช,ปกติ,0.0,0.0,,0.0,
2022-05-21,16:18:18,ฉลองรัช,ปกติ,0.0,0.0,,0.0,ขับรถเร็วเกินไป
2022-05-21,13:28:28,บูรพาวิถี,,0.0,0.0,0.0,0.0,
2022-05-21,,บูรพาวิถี,ปกติ,,1.0,0.0,0.0,หลับใน
2022-05-21,11:29:29,บางพลี-สุขสวัสดิ์,ปกติ,,0.0,0.0,0.0,ขับรถเร็วเกินไป
2022-05-20,14:25:25,บูรพาวิถี,ปกติ,0.0,0.0,0.0,0.0,
2022-05-20,,บูรพาวิถี,,0.0,0.0,,0.0,ยางแตก
2022-05-20,12:12:12,บางพลี-สุขสวัสดิ์,,0.0,0.0,0.0,0.0,เปลี่ยนช่องทางกระทันหัน
2022-05-19,13:33:33,ศรีรัช,ปกติ,0.0,0.0,,0.0,เปลี่ยนช่องทางกระทันหัน
2022-05-19,02:50:50,บางพลี-สุขสวัสดิ์,,1.0,1.0,0.0,0.0,
2022-05-19,12:04:04,บางพลี-สุขสวัสดิ์,ปกติ,0.0,0.0,0.0,0.0,
2022-05-19,17:25:25,,ปกติ,1.0,,,0.0,ขับรถเร็วเกินไป
2022-05-18,,,ปกติ,0.0,0.0,,0.0,ขับรถเร็วเกินไป
2022-05-18,,,,0.0,0.0,0.0,0.0,ขับรถเร็วเกินไป
2022-05-18,08:59:59,เฉลิมมหานคร,ปกติ,0.0,0.0,0.0,,รถบรรทุก6ล้อ เข้าผิดเวลา
,,เฉลิมมหานคร,ปกติ,0.0,0.0,0.0,0.0,เปลี่ยนช่องทางกระทันหัน
2022-05-18,03:58:58,,ปกติ,0.0,0.0,,0.0,ขับรถเร็วเกินไป
,17:49:49,บางพลี-สุขสวัสดิ์,ปกติ,0.0,0.0,0.0,0.0,
2022-05-17,11:05:05,ฉลองรัช,ปกติ,0.0,0.0,0.0,,
2022-05-17,23:45:45,,ฝนตก,0.0,,0.0,,ขับรถเร็วเกินไป
2022-05-17,13:05:05,บูรพาวิถี,,1.0,0.0,0.0,,หลับใน
2022-05-17,23:13:13,เฉลิมมหานคร,ฝนตก,0.0,0.0,0.0,,สภาพแวดล้อม
2022-05-17,17:56:56,,ปกติ,,0.0,0.0,0.0,ขับรถเร็วเกินไป
2022-05-16,13:28:28,บางพลี-สุขสวัสดิ์,ปกติ,0.0,,0.0,0.0,เบรคขัดข้อง
2022-05-13,18:13:13,ศรีรัช,ปกติ,,,0.0,,ละสายตาจากการขับขี่
2022-05-13,11:04:04,,ปกติ,0.0,0.0,0.0,,ขับรถเร็วเกินไป
2022-05-13,11:31:31,บูรพาวิถี,ปกติ,0.0,0.0,0.0,,เปลี่ยนช่องทางกระทันหัน
2022-05-13,,บูรพาวิถี,ปกติ,0.0,0.0,0.0,0.0,ขับรถกระชั้นชิด
2022-05-13,15:28:28,อุดรรัถยา,ปกติ,0.0,1.0,,,หลับใน
2022-05-13,,,ปกติ,0.0,0.0,0.0,0.0,
2022-05-13,04:48:48,บางพลี-สุขสวัสดิ์,ปกติ,0.0,0.0,0.0,0.0,
2022-05-13,09:20:20,บางพลี-สุขสวัสดิ์,ปกติ,,,,0.0,ขับรถเร็วเกินไป
2022-05-12,15:59:59,ศรีรัช,ปกติ,0.0,0.0,,0.0,ขับรถกระชั้นชิด
2022-05-12,23:24:24,ฉลองรัช,ปกติ,,0.0,0.0,,ยางแตก
2022-05-12,04:45:45,บูรพาวิถี,ปกติ,0.0,0.0,0.0,0.0,ขับรถเร็วเกินไป
2022-05-12,08:22:22,บูรพาวิถี,ปกติ,0.0,0.0,0.0,0.0,เปลี่ยนช่องทางกระทันหัน
2022-05-12,,,ปกติ,0.0,1.0,,0.0,หลับใน
2022-05-11,06:43:43,ศรีรัช,ปกติ,0.0,0.0,0.0,0.0,เปลี่ยนช่องทางกระทันหัน
2022-05-11,20:16:16,ศรีรัช,ปกติ,0.0,0.0,0.0,,เปลี่ยนช่องทางกระทันหัน
2022-05-11,22:08:08,ศรีรัช,ปกติ,0.0,0.0,0.0,0.0,
2022-05-11,14:12:12,บางพลี-สุขสวัสดิ์,ปกติ,0.0,,0.0,0.0,ขับรถกระชั้นชิด
,18:36:36,บางพลี-สุขสวัสดิ์,ปกติ,0.0,0.0,0.0,0.0,
2022-05-10,,,ปกติ,0.0,0.0,0.0,0.0,เปลี่ยนช่องทางกระทันหัน
,17:53:53,ศรีรัช,ปกติ,0.0,0.0,0.0,0.0,ล้อหลุด
2022-05-10,08:12:12,ฉลองรัช,ปกติ,0.0,0.0,0.0,0.0,ขับรถเร็วเกินไป
2022-05-10,02:13:13,บางพลี-สุขสวัสดิ์,ปกติ,,0.0,0.0,0.0,เปลี่ยนช่องทางกระทันหัน
2022-05-10,16:44:44,ทางหลวงพิเศษหมายเลข 37,ปกติ,0.0,0.0,0.0,,เปลี่ยนช่องทางกระทันหัน
2022-05-09,18:50:50,บูรพาวิถี,ปกติ,0.0,0.0,0.0,0.0,เปลี่ยนช่องทางกระทันหัน
2022-05-09,11:58:58,ทางหลวงพิเศษหมายเลข 37,,0.0,0.0,0.0,0.0,
2022-05-08,,บางพลี-สุขสวัสดิ์,ปกติ,0.0,,0.0,0.0,ยางแตก
2022-05-07,21:25:25,บางพลี-สุขสวัสดิ์,ปกติ,0.0,0.0,0.0,,
2022-05-07,22:15:15,บางพลี-สุขสวัสดิ์,ปกติ,0.0,0.0,0.0,0.0,ขับรถเร็วเกินไป
2022-05-07,,,ปกติ,,2.0,0.0,0.0,ขับรถกระชั้นชิด
2022-05-06,,ศรีรัช,ปกติ,0.0,0.0,0.0,,ละสายตาจากการขับขี่
2022-05-06,14:24:24,ศรีรัช,ปกติ,0.0,,,,เปลี่ยนช่องทางกระทันหัน
,21:50:50,บูรพาวิถี,ปกติ,,,0.0,0.0,ขับรถเร็วเกินไป
,,บางพลี-สุขสวัสดิ์,ปกติ,0.0,0.0,0.0,,เปลี่ยนช่องทางกระทันหัน
2022-05-05,10:37:37,ศรีรัช,,0.0,0.0,0.0,0.0,เบรกกะทันหัน
2022-05-05,23:09:09,ศรีรัช,,0.0,2.0,0.0,0.0,
2022-05-05,15:21:21,เฉลิมมหานคร,ปกติ,0.0,,0.0,0.0,ขับรถกระชั้นชิด
2022-05-04,,ฉลองรัช,ปกติ,0.0,0.0,,0.0,เปลี่ยนช่องทางกระทันหัน
2022-05-04,,บางพลี-สุขสวัสดิ์,,0.0,0.0,0.0,0.0,ขับรถเร็วเกินไป
2022-05-04,,ทางหลวงพิเศษหมายเลข 37,ปกติ,,,0.0,,สภาพแวดล้อม
2022-05-03,03:05:05,ศรีรัช,,0.0,0.0,0.0,0.0,
2022-05-03,,ศรีรัช,ปกติ,0.0,0.0,0.0,0.0,ละสายตาจากการขับขี่
2022-05-03,07:42:42,ศรีรัช,,0.0,1.0,0.0,,
2022-05-03,07:33:33,ฉลองรัช,ปกติ,0.0,0.0,0.0,0.0,ขับรถเร็วเกินไป
,08:02:02,,,0.0,0.0,0.0,0.0,เปลี่ยนช่องทางกระทันหัน
2022-05-03,15:04:04,บางพลี-สุขสวัสดิ์,ปกติ,,0.0,0.0,0.0,ขับรถเร็วเกินไป
2022-05-02,06:40:40,ศรีรัช,ฝนตก,0.0,0.0,0.0,0.0,เปลี่ยนช่องทางกระทันหัน
2022-05-02,12:27:27,ศรีรัช,ปกติ,0.0,0.0,0.0,0.0,ก้มเก็บของ
2022-05-02,13:29:29,,ปกติ,0.0,0.0,0.0,,ขับรถกระชั้นชิด
2022-05-02,04:28:28,,ปกติ,0.0,0.0,0.0,0.0,
2022-05-02,10:56:56,บางพลี-สุขสวัสดิ์,ปกติ,,0.0,0.0,,ขับรถเร็วเกินไป
,03:09:09,บางพลี-สุขสวัสดิ์,ปกติ,1.0,0.0,0.0,0.0,เปลี่ยนช่องทางกระทันหัน
,,,,0.0,0.0,0.0,,ขับรถกระชั้นชิด
2022-04-29,20:30:30,,ปกติ,0.0,0.0,0.0,0.0,
,,บางพลี-สุขสวัสดิ์,,0.0,0.0,0.0,0.0,เปลี่ยนช่องทางกระทันหัน
2022-04-28,18:40:40,ศรีรัช,ปกติ,0.0,0.0,,0.0,ขับรถกระชั้นชิด
,08:11:11,ฉลองรัช,ปกติ,0.0,0.0,0.0,0.0,ขับรถกระชั้นชิด
2022-04-28,,ฉลองรัช,,0.0,0.0,0.0,0.0,เบรคกระทันหัน
2022-04-27,04:12:12,,ปกติ,0.0,0.0,0.0,0.0,
2022-04-27,10:10:10,อุดรรัถยา,ปกติ,0.0,0.0,0.0,,ขับรถเร็วเกินไป
,10:16:16,เฉลิมมหานคร,,0.0,0.0,0.0,0.0,
2022-04-25,09:12:12,ศรีรัช,,0.0,0.0,0.0,0.0,เปลี่ยนช่องทางกระทันหัน
2022-04-25,10:50:50,บูรพาวิถี,ปกติ,0.0,0.0,0.0,,เปลี่ยนช่องทางกระทันหัน
2022-04-25,14:27:27,เฉลิมมหานคร,ปกติ,0.0,0.0,0.0,,ขับรถเร็วเกินไป
2022-04-25,,เฉลิมมหานคร,ปกติ,0.0,0.0,0.0,0.0,ขับรถกระชั้นชิด
2022-04-23,18:18:18,,,0.0,,0.0,0.0,หลับใน
2022-04-23,06:30:30,เฉลิมมหานคร,ปกติ,1.0,0.0,0.0,0.0,เปลี่ยนช่องทางกระทันหัน
2022-04-23,,บางพลี-สุขสวัสดิ์,,0.0,0.0,,0.0,
2022-04-22,19:40:40,,ปกติ,0.0,0.0,0.0,0.0,เปลี่ยนช่องทางกระทันหัน
,07:33:33,,ปกติ,0.0,0.0,0.0,0.0,ขับขี่กระชั้นชิด
2022-04-22,07:18:18,เฉลิมมหานคร,ปกติ,0.0,0.0,0.0,0.0,ขับรถเร็ว
2022-04-22,16:54:54,เฉลิมมหานคร,ปกติ,0.0,0.0,0.0,0.0,ยางแตก
2022-04-22,17:45:45,เฉลิมมหานคร,,0.0,0.0,0.0,0.0,ขับรถกระชั้นชิด
,03:02:02,บางพลี-สุขสวัสดิ์,,0.0,0.0,0.0,0.0,
2022-04-22,14:38:38,,,0.0,0.0,0.0,0.0,ขับรถกระชั้นชิด
,16:37:37,บางพลี-สุขสวัสดิ์,ปกติ,1.0,0.0,0.0,0.0,ขับรถกระชั้นชิด
2022-04-21,09:34:34,ศรีรัช,ฝนตก,0.0,,0.0,0.0,ขับรถกระชั้นชิด
2022-04-21,,,ปกติ,0.0,0.0,0.0,0.0,
2022-04-21,16:12:12,เฉลิมมหานคร,ปกติ,0.0,1.0,0.0,0.0,ยางแตก
2022-04-21,17:40:40,บางพลี-สุขสวัสดิ์,ปกติ,1.0,0.0,0.0,0.0,ฝ่าฝืนสัญญาณ/ป้ายจราจร
2022-04-21,02:54:54,,,,0.0,0.0,0.0,ขับรถกระชั้นชิด
2022-04-20,,,,0.0,0.0,0.0,0.0,
2022-04-20,,ฉลองรัช,ปกติ,0.0,0.0,0.0,0.0,เปลี่ยนช่องทางกระทันหัน
2022-04-20,,เฉลิมมหานคร,ปกติ,0.0,0.0,0.0,0.0,ขับรถกระชั้นชิด
,17:28:28,เฉลิมมหานคร,ปกติ,0.0,0.0,0.0,,
2022-04-20,17:38:38,,ปกติ,0.0,0.0,0.0,0.0,
2022-04-20,13:03:03,ทางหลวงพิเศษหมายเลข 37,ปกติ,1.0,,0.0,,ขับรถกระชั้นชิด
2022-04-19,07:35:35,,ปกติ,0.0,0.0,0.0,0.0,ขับรถกระชั้นชิด
2022-04-19,23:31:31,บางพลี-สุขสวัสดิ์,ปกติ,0.0,0.0,0.0,,ยางแตก
2022-04-19,,ทางหลวงพิเศษหมายเลข 37,ปกติ,0.0,0.0,0.0,0.0,เปลี่ยนช่องทางกระทันหัน
2022-04-16,15:30:30,บูรพาวิถี,ปกติ,0.0,0.0,0.0,0.0,
2022-04-15,12:25:25,ศรีรัช,ปกติ,,0.0,0.0,0.0,ขับรถกระชั้นชิด
2022-04-15,18:45:45,ฉลองรัช,,1.0,0.0,,0.0,เปลี่ยนช่องทางกระทันหัน
2022-04-15,,บูรพาวิถี,ปกติ,0.0,0.0,0.0,,เปลี่ยนช่องทางกระทันหัน
2022-04-14,01:35:35,,,0.0,0.0,0.0,,เปลี่ยนช่องทางกระทันหัน
2022-04-14,,เฉลิมมหานคร,,0.0,,0.0,0.0,ขับรถกระชั้นชิด
,16:44:44,บางพลี-สุขสวัสดิ์,ปกติ,0.0,0.0,,0.0,ฝ่าฝืนสัญญาณ/ป้ายจราจร
,10:43:43,ฉลองรัช,ปกติ,,0.0,0.0,0.0,ระบบไฟฟ้าขัดข้อง
,14:52:52,บูรพาวิถี,ปกติ,0.0,1.0,,0.0,
2022-04-13,22:36:36,บูรพาวิถี,ปกติ,0.0,0.0,0.0,0.0,เปลี่ยนช่องทางกระทันหัน
,15:55:55,ศรีรัช,ปกติ,0.0,,0.0,0.0,
2022-04-12,19:02:02,ศรีรัช,,0.0,0.0,,0.0,นั่งสาธารณะขับเลยทางลงถอยหลัง
2022-04-12,21:54:54,อุดรรัถยา,,0.0,0.0,0.0,0.0,เปลี่ยนช่องทางกระทันหัน
2022-04-12,11:27:27,บางพลี-สุขสวัสดิ์,,1.0,0.0,0.0,0.0,เปลี่ยนช่องทางกระทันหัน
,01:02:02,บูรพาวิถี,ปกติ,0.0,1.0,0.0,0.0,ยางแตก
2022-04-11,11:20:20,เฉลิมมหานคร,ปกติ,0.0,0.0,0.0,0.0,
,13:44:44,เฉลิมมหานคร,ปกติ,0.0,0.0,0.0,0.0,ยางแตก
,10:36:36,บางพลี-สุขสวัสดิ์,ปกติ,1.0,0.0,0.0,0.0,
2022-04-11,12:41:41,บางพลี-สุขสวัสดิ์,ปกติ,0.0,0.0,0.0,0.0,ขับรถกระชั้นชิด
2022-04-11,15:56:56,,ปกติ,0.0,,0.0,0.0,ขับรถกระชั้นชิด
2022-04-11,15:27:27,ทางหลวงพิเศษหมายเลข 37,ปกติ,0.0,0.0,0.0,0.0,ขับรถเร็วเกินไป
2022-04-10,00:48:48,ศรีรัช,,,0.0,0.0,0.0,เปลี่ยนช่องทางกะทันหัน
,11:33:33,,ปกติ,0.0,0.0,0.0,0.0,
2022-04-10,12:40:40,,ปกติ,0.0,0.0,0.0,0.0,เปลี่ยนช่องทางกระทันหัน
,18:11:11,,,0.0,,,0.0,ขับรถเร็วเกินไป
2022-04-09,,ศรีรัช,ปกติ,0.0,1.0,0.0,0.0,เปลี่ยนช่องทางกะทันหัน
2022-04-09,,ฉลองรัช,ปกติ,0.0,0.0,0.0,0.0,เปลี่ยนช่องทางกระทันหัน
2022-04-09,,,ปกติ,1.0,0.0,,0.0,ขับรถเร็วเกินไป
2022-04-08,04:21:21,,ปกติ,0.0,0.0,0.0,0.0,เปลี่ยนช่องทางกระทันหัน
2022-04-08,09:42:42,ฉลองรัช,ปกติ,0.0,,0.0,0.0,
2022-04-08,,เฉลิมมหานคร,ปกติ,,0.0,0.0,0.0,ขับรถกระชั้นชิด
,14:46:46,เฉลิมมหานคร,,0.0,1.0,0.0,0.0,ขับรถกระชั้นชิด
2022-04-07,,บางพลี-สุขสวัสดิ์,,,0.0,0.0,,เปลี่ยนช่องทางกระทันหัน
2022-04-07,,,ปกติ,0.0,0.0,0.0,0.0,เปลี่ยนช่องทางกระทันหัน
2022-04-06,15:33:33,ศรีรัช,ปกติ,0.0,0.0,0.0,0.0,ขับรถกระชั้นชิด
,,ศรีรัช,ปกติ,,0.0,0.0,0.0,ละสายตาจากการขับขี่
2022-04-06,,เฉลิมมหานคร,ปกติ,0.0,0.0,0.0,0.0,
2022-04-06,,เฉลิมมหานคร,ปกติ,0.0,0.0,0.0,,บรรทุกหนัก
2022-04-06,22:10:10,,ปกติ,0.0,0.0,,0.0,ขับรถเร็วเกินไป
2022-04-05,12:27:27,ศรีรัช,ปกติ,,0.0,0.0,0.0,ละสายตาจากการขับขี่
2022-04-05,14:15:15,ศรีรัช,ปกติ,0.0,0.0,0.0,0.0,ขับรถกระชั้นชิด
,,เฉลิมมหานคร,ปกติ,0.0,0.0,0.0,0.0,ขับรถกระชั้นชิด
2022-04-05,,,ปกติ,0.0,0.0,0.0,0.0,เบรครถกระทันหันแล้วพลิ๊กคว่ำ
2022-04-05,20:32:32,เฉลิมมหานคร,ปกติ,0.0,,0.0,,ขับรถเร็วเกินไป
2022-04-05,22:55:55,ทางหลวงพิเศษหมายเลข 37,ปกติ,0.0,,0.0,,เปลี่ยนช่องทางกระทันหัน
2022-04-04,12:27:27,ศรีรัช,,0.0,0.0,0.0,0.0,ขับรถกระชั้นชิด
2022-04-04,14:47:47,ศรีรัช,ปกติ,0.0,0.0,0.0,0.0,เปิดประตูชำระค่าผ่านทาง
2022-04-04,07:56:56,,ปกติ,0.0,0.0,0.0,0.0,เบรคกะทันหัน
2022-04-04,11:13:13,ฉลองรัช,ปกติ,1.0,,0.0,0.0,ขับรถเร็วเกินไป
,,อุดรรัถยา,ปกติ,1.0,0.0,0.0,0.0,
,16:02:02,เฉลิมมหานคร,ปกติ,1.0,0.0,0.0,0.0,เปลี่ยนช่องทางกระทันหัน
2022-04-04,,เฉลิมมหานคร,ปกติ,,0.0,0.0,0.0,ขับรถกระชั้นชิด
,,บางพลี-สุขสวัสดิ์,ปกติ,1.0,3.0,0.0,0.0,
,,บางพลี-สุขสวัสดิ์,,0.0,0.0,0.0,0.0,ขับรถกระชั้นชิด
,09:02:02,ศรีรัช,,0.0,,0.0,0.0,
2022-04-03,01:04:04,,ปกติ,0.0,1.0,0.0,0.0,หลับใน
2022-04-02,,S1,,2.0,2.0,0.0,0.0,
2022-04-02,10:56:56,ศรีรัช,ปกติ,,0.0,0.0,0.0,ขับรถกระชั้นชิด
2022-04-02,15:15:15,บูรพาวิถี,ปกติ,0.0,0.0,0.0,0.0,ขับรถเร็วเกินไป
2022-04-01,11:56:56,ศรีรัช,,0.0,0.0,0.0,0.0,ขับรถกระชั้นชิด
2022-04-01,,บางพลี-สุขสวัสดิ์,ปกติ,0.0,0.0,0.0,0.0,เปลี่ยนช่องทางกระทันหัน
2022-04-01,,,ปกติ,0.0,0.0,,,เปลี่ยนช่องทางกระทันหัน
2022-03-31,10:13:13,ศรีรัช-วงแหวนรอบนอก,ปกติ,0.0,1.0,,0.0,เปลี่ยนช่องทางกระทันหัน
,13:09:09,ทางหลวงพิเศษหมายเลข 37,ปกติ,,,,0.0,ขับรถกระชั้นชิด
2022-03-30,07:35:35,ศรีรัช,ปกติ,0.0,0.0,0.0,0.0,
2022-03-30,21:00:00,ศรีรัช,,,,0.0,0.0,ละสายตาจากการขับขี่
,13:04:04,,ปกติ,1.0,0.0,,0.0,หลับใน
2022-03-30,05:19:19,ทางหลวงพิเศษหมายเลข 37,ปกติ,,0.0,0.0,0.0,เปลี่ยนช่องทางกระทันหัน
,04:09:09,ศรีรัช,ปกติ,0.0,1.0,0.0,,เปลี่ยนช่องทางกระทันหัน
2022-03-29,16:40:40,ศรีรัช,ปกติ,0.0,0.0,,,ละสายตาจากการขับขี่
2022-03-29,18:00:00,ศรีรัช,ปกติ,,,0.0,0.0,เปลี่ยนช่องทางกระทันหัน
2022-03-29,05:33:33,บางพลี-สุขสวัสดิ์,,0.0,,0.0,0.0,หลับใน
2022-03-29,12:27:27,,ปกติ,0.0,0.0,0.0,,ยางแตก
2022-03-29,10:56:56,,,0.0,,,0.0,
2022-03-28,08:08:08,ศรีรัช,ปกติ,0.0,0.0,0.0,0.0,ขับรถกระชั้นชิด
2022-03-28,14:15:15,,ปกติ,,1.0,0.0,0.0,ขับรถกระชั้นชิด
2022-03-28,10:13:13,บูรพาวิถี,ปกติ,0.0,0.0,,0.0,เปลี่ยนช่องทางกระทันหัน
2022-03-28,19:14:14,บูรพาวิถี,ปกติ,0.0,,0.0,,เปลี่ยนช่องทางกระทันหัน
2022-03-28,14:50:50,,ปกติ,0.0,,0.0,0.0,
2022-03-27,,ฉลองรัช,ปกติ,0.0,0.0,0.0,,
2022-03-27,22:13:13,ฉลองรัช,ปกติ,0.0,0.0,0.0,0.0,เบรคขัดข้อง
2022-03-27,14:49:49,เฉลิมมหานคร,ปกติ,0.0,0.0,,,ขับรถกระชั้นชิด
,01:44:44,ศรีรัช,ปกติ,,1.0,,0.0,เปลี่ยนช่องทางกระทันหัน
2022-03-26,15:55:55,บูรพาวิถี,ปกติ,0.0,,0.0,,ขับรถเร็วเกินไป
2022-03-26,,บางพลี-สุขสวัสดิ์,ปกติ,1.0,0.0,0.0,0.0,ยางแตก
2022-03-25,10:35:35,ศรีรัช,ปกติ,0.0,,0.0,,ยางแตก
2022-03-25,18:19:19,ศรีรัช,ปกติ,0.0,0.0,0.0,0.0,ขับรถกระชั้นชิด
2022-03-25,05:30:30,บูรพาวิถี,,0.0,0.0,0.0,0.0,ขับรถเร็วเกินไป
,08:30:30,,ฝนตก,0.0,0.0,,,ขับรถกระชั้นชิด
2022-03-25,11:52:52,ศรีรัช-วงแหวนรอบนอก,ปกติ,0.0,0.0,0.0,0.0,ละสายตาจากการขับขี่
,02:19:19,ศรีรัช,,0.0,0.0,0.0,0.0,
2022-03-24,,ศรีรัช,ปกติ,,0.0,0.0,0.0,ขับรถกระชั้นชิด
2022-03-24,15:48:48,เฉลิมมหานคร,ปกติ,0.0,2.0,0.0,0.0,ยางระเบิด
2022-03-23,,,ปกติ,1.0,0.0,0.0,0.0,ขับรถเร็วเกินไป
2022-03-22,12:20:20,ศรีรัช,ปกติ,1.0,0.0,0.0,,เปลี่ยนช่องทางกระทันหัน
2022-03-22,15:56:56,ศรีรัช,ปกติ,0.0,,,,
2022-03-22,13:08:08,บางพลี-สุขสวัสดิ์,ปกติ,,,0.0,0.0,ยางแตก
2022-03-21,11:30:30,ศรีรัช,,0.0,0.0,,0.0,เปลี่ยนช่องทางกระทันหัน
2022-03-21,,ฉลองรัช,,0.0,0.0,0.0,,ขับรถกระชั้นชิด
,08:09:09,อุดรรัถยา,ปกติ,0.0,0.0,0.0,0.0,
,12:52:52,อุดรรัถยา,ปกติ,0.0,0.0,,0.0,ยางแตก
2022-03-21,10:25:25,บางพลี-สุขสวัสดิ์,ปกติ,,,0.0,0.0,ขับรถเร็วเกินไป
2022-03-21,13:32:32,ทางหลวงพิเศษหมายเลข 37,ปกติ,0.0,0.0,,,ขับรถเร็วเกินไป
2022-03-20,20:57:57,ศรีรัช,ปกติ,0.0,0.0,0.0,,ละสายตาจากการขับขี่
2022-03-20,16:30:30,บูรพาวิถี,,0.0,,0.0,0.0,ยางแตก
2022-03-20,02:25:25,อุดรรัถยา,ปกติ,0.0,,,0.0,ละสายตาจากการขับขี่
2022-03-20,20:43:43,อุดรรัถยา,ปกติ,0.0,0.0,0.0,0.0,
2022-03-20,00:14:14,เฉลิมมหานคร,ฝนตก,,0.0,0.0,0.0,สภาพแวดล้อม
2022-03-19,06:52:52,,ปกติ,0.0,0.0,0.0,0.0,ขับรถชิดซ้ายมากไป
2022-03-19,11:42:42,,ปกติ,,0.0,0.0,0.0,ขับรถกระชั้นชิด
2022-03-19,,บูรพาวิถี,ปกติ,0.0,,0.0,0.0,ขับรถเร็วเกินไป
2022-03-19,11:40:40,บูรพาวิถี,ปกติ,0.0,0.0,0.0,,ขับรถกระชั้นชิด
2022-03-19,16:53:53,,,0.0,0.0,,,หลับใน
2022-03-18,18:55:55,ฉลองรัช,,0.0,,0.0,,ขับรถกระชั้นชิด
,20:03:03,บูรพาวิถี,,0.0,0.0,0.0,,ระบบไฟฟ้าขัดข้อง
2022-03-17,22:08:08,,ปกติ,,0.0,0.0,,หลับใน
2022-03-16,07:08:08,เฉลิมมหานคร,ปกติ,0.0,0.0,0.0,0.0,ขับรถกระชั้นชิด
2022-03-16,,เฉลิมมหานคร,,,,0.0,0.0,ขับรถกระชั้นชิด
2022-03-16,15:07:07,เฉลิมมหานคร,ปกติ,0.0,,0.0,,ขับรถกระชั้นชิด
2022-03-16,18:34:34,เฉลิมมหานคร,ปกติ,0.0,1.0,0.0,0.0,ขับรถกระชั้นชิด
2022-03-15,16:58:58,,ปกติ,0.0,0.0,0.0,0.0,ขับรถกระชั้นชิด
2022-03-15,00:12:12,เฉลิมมหานคร,ปกติ,,0.0,0.0,,หลับใน
2022-03-15,08:45:45,เฉลิมมหานคร,ปกติ,0.0,0.0,0.0,,ขับรถกระชั้นชิด
2022-03-15,09:45:45,เฉลิมมหานคร,ปกติ,0.0,0.0,0.0,0.0,ขับรถกระชั้นชิด
2022-03-15,16:30:30,,ปกติ,0.0,0.0,0.0,0.0,ขับรถกระชั้นชิด
2022-03-15,13:29:29,บางพลี-สุขสวัสดิ์,,0.0,0.0,0.0,,ล้อหลุด
2022-03-14,23:16:16,ศรีรัช,ปกติ,0.0,0.0,0.0,0.0,ละสายตาจากการขับขี่
,17:45:45,อุดรรัถยา,ปกติ,,0.0,,0.0,มึนเมา
2022-03-12,09:44:44,ศรีรัช,,0.0,0.0,0.0,,เปลี่ยนช่องทางกระทันหัน
2022-03-12,14:10:10,อุดรรัถยา,,,0.0,0.0,0.0,เบรกกะทันหัน
2022-03-11,08:58:58,,ปกติ,0.0,0.0,0.0,,
2022-03-10,19:57:57,ศรีรัช,ปกติ,1.0,1.0,0.0,0.0,เปลี่ยนช่องทางกระทันหัน
2022-03-10,01:38:38,ฉลองรัช,ปกติ,0.0,,0.0,,
2022-03-10,01:02:02,,ปกติ,0.0,0.0,0.0,0.0,ยางหลงขวาระเบิด
2022-03-09,22:19:19,ฉลองรัช,ปกติ,0.0,,,0.0,ควบคุมรถไม่ได้
2022-03-09,13:35:35,เฉลิมมหานคร,ปกติ,,0.0,0.0,0.0,เบรคกระทันหันเ
2022-03-09,14:55:55,เฉลิมมหานคร,ปกติ,0.0,0.0,,0.0,ขับรถกระชั้นชิด
,,เฉลิมมหานคร,ปกติ,,0.0,0.0,0.0,ขับรถกระชั้นชิด
2022-03-08,08:41:41,,ปกติ,0.0,0.0,,0.0,
2022-03-08,01:20:20,เฉลิมมหานคร,ฝนตก,,0.0,0.0,0.0,หลับใน
2022-03-07,14:19:19,ศรีรัช,,0.0,,0.0,0.0,ละสายตาจากการขับขี่
2022-03-07,14:27:27,บางพลี-สุขสวัสดิ์,,0.0,0.0,0.0,0.0,ขับรถกระชั้นชิด
2022-03-07,15:01:01,บางพลี-สุขสวัสดิ์,ปกติ,,0.0,0.0,0.0,ขับรถกระชั้นชิด
2022-03-07,10:19:19,ศรีรัช-วงแหวนรอบนอก,ปกติ,,0.0,0.0,0.0,ละสายตาจากการขับขี่
2022-03-06,20:54:54,ศรีรัช,ปกติ,2.0,1.0,0.0,0.0,เปลี่ยนช่องทางกระทันหัน
2022-03-05,02:20:20,ศรีรัช,ปกติ,0.0,,0.0,0.0,
,09:32:32,ศรีรัช,ปกติ,0.0,0.0,0.0,0.0,ขับรถเร็วเกินไป
2022-03-05,11:36:36,ศรีรัช,ปกติ,0.0,0.0,0.0,,ขับรถกระชั้นชิด
2022-03-05,07:17:17,ทางหลวงพิเศษหมายเลข 37,ปกติ,0.0,0.0,,0.0,ขับรถกระชั้นชิด
2022-03-04,09:25:25,,ปกติ,1.0,0.0,0.0,0.0,เบรกแล้วเสียหลักพลิกคว่ำ
2022-03-04,10:06:06,,ปกติ,0.0,0.0,0.0,,ขับรถกระชั้นชิด
2022-03-04,10:24:24,บางพลี-สุขสวัสดิ์,ปกติ,0.0,,0.0,,ขับรถกระชั้นชิด
2022-03-04,,บางพลี-สุขสวัสดิ์,ปกติ,0.0,0.0,,,ขับรถกระชั้นชิด
2022-03-04,18:51:51,บางพลี-สุขสวัสดิ์,,0.0,0.0,,1.0,เบรคขัดข้อง
,19:30:30,บางพลี-สุขสวัสดิ์,ปกติ,0.0,0.0,0.0,0.0,
2022-03-04,21:41:41,ทางหลวงพิเศษหมายเลข 37,ปกติ,,0.0,0.0,0.0,ล้อหลุด
2022-03-03,,ศรีรัช,ปกติ,0.0,0.0,0.0,0.0,
2022-03-03,,เฉลิมมหานคร,ปกติ,0.0,0.0,0.0,0.0,หลับใน
2022-03-03,13:35:35,บางพลี-สุขสวัสดิ์,ปกติ,0.0,0.0,,0.0,
2022-03-02,14:16:16,ศรีรัช,ปกติ,0.0,0.0,0.0,0.0,ขับรถกระชั้นชิด
2022-03-02,20:12:12,ศรีรัช,ปกติ,0.0,0.0,0.0,0.0,ระบบไฟฟ้าขัดข้อง
,,,ปกติ,1.0,,0.0,0.0,
2022-03-02,09:32:32,บางพลี-สุขสวัสดิ์,ปกติ,0.0,0.0,0.0,0.0,ขับรถเร็วเกินไป
2022-03-01,18:00:00,ศรีรัช,ปกติ,0.0,0.0,0.0,,ขับรถกระชั้นชิด
2022-03-01,09:38:38,บางพลี-สุขสวัสดิ์,ปกติ,0.0,0.0,0.0,0.0,ขับรถเร็วเกินไป
2022-03-01,12:12:12,บางพลี-สุขสวัสดิ์,ปกติ,0.0,0.0,0.0,,ขับรถเร็วเกินไป
2022-03-01,14:27:27,,ปกติ,0.0,0.0,,0.0,ขับรถเร็วเกินไป
2022-03-01,17:51:51,ทางหลวงพิเศษหมายเลข 37,ปกติ,0.0,0.0,0.0,,
,16:50:50,ศรีรัช-วงแหวนรอบนอก,ปกติ,,0.0,0.0,0.0,ขับรถเร็วเกินไป
2022-02-26,23:34:34,ฉลองรัช,ปกติ,0.0,0.0,0.0,0.0,ขับรถเร็วเกินไป
2022-02-25,09:31:31,ศรีรัช,ปกติ,,,,,เบรคขัดข้อง
2022-02-25,,ศรีรัช,ปกติ,0.0,0.0,0.0,0.0,เปลี่ยนช่องทางกระทันหัน
,00:38:38,ฉลองรัช,,0.0,0.0,0.0,0.0,ขับรถเร็วเกินไป
2022-02-25,11:40:40,,ปกติ,0.0,0.0,1.0,0.0,เปลี่ยนช่องทางกระทันหัน
2022-02-25,22:12:12,บูรพาวิถี,ปกติ,1.0,0.0,,0.0,ขับขี่กระชั้นชิด
,,เฉลิมมหานคร,ปกติ,0.0,0.0,0.0,0.0,เพลิงไหม้
2022-02-25,,,ปกติ,0.0,0.0,0.0,0.0,ขับรถกระชั้นชิด
2022-02-25,16:17:17,ทางหลวงพิเศษหมายเลข 37,ปกติ,,0.0,0.0,0.0,ยางแตก
2022-02-25,17:17:17,ทางหลวงพิเศษหมายเลข 37,ปกติ,0.0,0.0,0.0,0.0,เบรคขัดข้อง
,12:10:10,บูรพาวิถี,,1.0,0.0,0.0,0.0,ขับรถเร็วเกินไป
2022-02-24,15:05:05,บูรพาวิถี,ปกติ,0.0,0.0,0.0,0.0,ขับรถเร็วเกินไป
,01:08:08,บางพลี-สุขสวัสดิ์,ปกติ,2.0,1.0,,0.0,ขับรถเร็วเกินไป
2022-02-24,14:17:17,บางพลี-สุขสวัสดิ์,ปกติ,0.0,,0.0,0.0,เปลี่ยนช่องทางกระทันหัน
,09:00:00,,ปกติ,0.0,0.0,0.0,0.0,ขับรถเร็วเกินไป
2022-02-21,13:43:43,ฉลองรัช,ปกติ,0.0,0.0,0.0,0.0,เบรคกระทันหัน
,12:14:14,อุดรรัถยา,,0.0,,0.0,,เบรคขัดข้อง
,11:15:15,บางพลี-สุขสวัสดิ์,ปกติ,0.0,0.0,0.0,0.0,ขับรถกระชั้นชิด
2022-02-21,,บางพลี-สุขสวัสดิ์,ปกติ,,0.0,,0.0,ขับรถเร็วเกินไป
2022-02-21,22:39:39,,ปกติ,0.0,0.0,0.0,0.0,หลับใน
,20:41:41,,ปกติ,1.0,,,,ขับรถเร็วเกินไป
2022-02-20,16:45:45,บูรพาวิถี,ปกติ,0.0,,0.0,,โรคประจำตัว
,14:45:45,เฉลิมมหานคร,,0.0,3.0,0.0,0.0,เปลี่ยนช่องทางกระทันหัน
2022-02-20,02:02:02,บางพลี-สุขสวัสดิ์,,1.0,,0.0,0.0,เปลี่ยนช่องทางกระทันหัน
2022-02-20,,ศรีรัช-วงแหวนรอบนอก,ปกติ,0.0,0.0,,,เบรคขัดข้อง
2022-02-19,,ศรีรัช,,0.0,0.0,0.0,0.0,ยางแตก
2022-02-19,18:14:14,,ปกติ,,0.0,0.0,0.0,เครื่องยนต์ขัดข้อง
,23:44:44,ศรีรัช,,1.0,1.0,,0.0,เปลี่ยนช่องทางกระทันหัน
2022-02-18,09:52:52,บูรพาวิถี,ปกติ,1.0,0.0,0.0,0.0,เปลี่ยนช่องทางกระทันหัน
2022-02-18,22:39:39,บางพลี-สุขสวัสดิ์,ปกติ,0.0,0.0,0.0,0.0,ขับรถเร็วเกินไป
2022-02-18,13:36:36,ศรีรัช-วงแหวนรอบนอก,ปกติ,0.0,0.0,,0.0,
2022-02-17,,ศรีรัช,ปกติ,0.0,0.0,0.0,0.0,
2022-02-17,19:17:17,บูรพาวิถี,ปกติ,0.0,0.0,0.0,0.0,ขับรถเร็วเกินไป
2022-02-17,01:54:54,บางพลี-สุขสวัสดิ์,ปกติ,2.0,,0.0,0.0,หลับใน
2022-02-17,03:30:30,บางพลี-สุขสวัสดิ์,ฝนตก,0.0,0.0,,,ขับรถเร็วเกินไป
2022-02-17,21:02:02,บางพลี-สุขสวัสดิ์,ปกติ,0.0,0.0,0.0,0.0,เบรคขัดข้อง
2022-02-16,00:59:59,ศรีรัช,,0.0,1.0,0.0,0.0,
2022-02-14,21:20:20,ศรีรัช,ปกติ,,0.0,,,
,15:56:56,,,0.0,0.0,,0.0,ขับรถเร็วเกินไป
,,บูรพาวิถี,ปกติ,0.0,0.0,0.0,0.0,ขับรถเร็วเกินไป
2022-02-12,13:33:33,ฉลองรัช,ปกติ,,0.0,0.0,0.0,ขับรถเร็วเกินไป
,01:33:33,บางพลี-สุขสวัสดิ์,ปกติ,1.0,,0.0,0.0,ขับรถเร็วเกินไป
2022-02-11,21:31:31,ศรีรัช,,0.0,0.0,0.0,0.0,เครื่องยนต์ขัดข้อง
2022-02-11,15:06:06,ฉลองรัช,,0.0,0.0,0.0,0.0,เบรคไม่อยู่
2022-02-11,,บูรพาวิถี,ปกติ,1.0,0.0,0.0,0.0,ขับรถเร็วเกินไป
2022-02-11,18:40:40,บูรพาวิถี,ปกติ,0.0,0.0,0.0,,ขับรถเร็วเกินไป
2022-02-11,18:00:00,เฉลิมมหานคร,ปกติ,0.0,0.0,0.0,,เบรคขัดข้อง
2022-02-11,19:04:04,ทางหลวงพิเศษหมายเลข 37,ปกติ,,,0.0,,
2022-02-09,13:34:34,,,1.0,,0.0,0.0,
2022-02-09,14:58:58,,ปกติ,,,0.0,0.0,ขับรถเร็วเกินไป
2022-02-08,08:48:48,ศรีรัช,ปกติ,0.0,1.0,,0.0,เปลี่ยนช่องทางกระทันหัน
2022-02-08,00:50:50,ฉลองรัช,ปกติ,0.0,0.0,,,ขับรถกระชั้นชิด
2022-02-08,,,ปกติ,,,,0.0,เปลี่ยนช่องทางกระทันหัน
2022-02-08,21:08:08,ทางหลวงพิเศษหมายเลข 37,ปกติ,0.0,0.0,,0.0,ขับรถเร็วเกินไป
,21:57:57,ศรีรัช,ปกติ,0.0,,0.0,0.0,เบรคขัดข้อง
2022-02-07,10:12:12,ฉลองรัช,ปกติ,0.0,0.0,0.0,0.0,เบรคขัดข้อง
2022-02-07,18:24:24,เฉลิมมหานคร,ปกติ,0.0,0.0,0.0,0.0,
2022-02-07,,เฉลิมมหานคร,ปกติ,1.0,0.0,0.0,0.0,เปลี่ยนช่องทางกระทันหัน
2022-02-05,20:15:15,ศรีรัช,ปกติ,,1.0,0.0,0.0,นั่งบุลคลอีซูซุก้มเก็บของ
2022-02-05,13:58:58,ทางหลวงพิเศษหมายเลข 37,ปกติ,,,,,
2022-02-04,05:43:43,ฉลองรัช,ปกติ,1.0,0.0,0.0,0.0,ยางแตก
2022-02-04,23:51:51,,,0.0,0.0,0.0,0.0,รถนั่งฮอนด้าขับย้อนทางลงพัฒ2
2022-02-04,,อุดรรัถยา,ปกติ,1.0,0.0,0.0,,ยางแตก
2022-02-04,,,ปกติ,0.0,0.0,,0.0,เปลี่ยนช่องทางกระทันหัน
2022-02-04,20:55:55,บางพลี-สุขสวัสดิ์,ปกติ,0.0,1.0,0.0,0.0,เบรคขัดข้อง
2022-02-04,22:07:07,,,0.0,0.0,0.0,0.0,ขับรถกระชั้นชิด
2022-02-03,12:12:12,อุดรรัถยา,ปกติ,0.0,,0.0,0.0,หลับใน
2022-02-03,,เฉลิมมหานคร,ปกติ,2.0,,0.0,0.0,หลับใน
,09:05:05,บางพลี-สุขสวัสดิ์,ปกติ,0.0,0.0,0.0,,
,19:03:03,ศรีรัช,ปกติ,0.0,0.0,0.0,0.0,
2022-02-02,22:19:19,ศรีรัช,ปกติ,0.0,0.0,0.0,0.0,เปลี่ยนช่องทางกระทันหัน
2022-02-02,00:18:18,,ปกติ,,0.0,0.0,0.0,ขับรถประมาท
2022-02-01,,,ปกติ,0.0,0.0,0.0,0.0,เปลี่ยนช่องทางกระทันหัน
,15:13:13,ทางหลวงพิเศษหมายเลข 37,ปกติ,0.0,0.0,0.0,0.0,เบรคขัดข้อง
2022-01-31,,ศรีรัช,ปกติ,0.0,1.0,0.0,0.0,ก้มเก็บของ
2022-01-31,11:00:00,บูรพาวิถี,ปกติ,,,0.0,,เพลิงไหม้
,00:48:48,,ปกติ,1.0,0.0,1.0,0.0,ขับรถเร็วเกินไป
2022-01-29,00:04:04,ศรีรัช,ปกติ,0.0,0.0,0.0,0.0,หลับใน
2022-01-29,,ศรีรัช,ปกติ,0.0,0.0,0.0,,เปลี่ยนช่องทางกระทันหัน
2022-01-29,,เฉลิมมหานคร,ปกติ,0.0,0.0,0.0,0.0,
2022-01-28,13:10:10,บางพลี-สุขสวัสดิ์,ปกติ,0.0,0.0,,0.0,บรรทุกยื่นล้ำ
2022-01-28,,ศรีรัช-วงแหวนรอบนอก,,0.0,0.0,0.0,,
2022-01-28,14:30:30,ทางหลวงพิเศษหมายเลข 37,ปกติ,0.0,,0.0,0.0,เปลี่ยนช่องทางกระทันหัน
2022-01-27,,ฉลองรัช,,,0.0,0.0,0.0,ขับรถเร็วเกินไป
2022-01-25,08:34:34,ศรีรัช,ปกติ,,0.0,0.0,0.0,เบรกกะทันหัน
2022-01-25,04:38:38,เฉลิมมหานคร,ปกติ,1.0,0.0,0.0,1.0,
2022-01-25,12:24:24,,,0.0,0.0,0.0,,เปลี่ยนช่องทางกระทันหัน
2022-01-23,01:44:44,,,0.0,0.0,0.0,0.0,เปลี่ยนช่องทางกระทันหัน
2022-01-23,00:42:42,,ปกติ,1.0,0.0,0.0,0.0,ขับรถเร็วเกินไป
2022-01-23,18:00:00,ฉลองรัช,ปกติ,0.0,1.0,0.0,0.0,เบรกกะทันหัน
,09:32:32,,ฝนตก,0.0,0.0,0.0,0.0,ยางแตก
,,ศรีรัช,ปกติ,,0.0,0.0,0.0,ขับรถกระชั้นชิด
2022-01-22,,เฉลิมมหานคร,ฝนตก,1.0,0.0,0.0,0.0,ขับรถเร็วเกินไป
,01:05:05,ศรีรัช,ปกติ,0.0,0.0,0.0,0.0,
2022-01-21,15:12:12,ศรีรัช,ปกติ,0.0,0.0,0.0,,
2022-01-21,00:23:23,ฉลองรัช,ปกติ,0.0,0.0,,0.0,เพลิงไหม้
2022-01-20,,ฉลองรัช,,1.0,0.0,0.0,0.0,ขับรถคล่อมเลน
2022-01-20,01:45:45,บางพลี-สุขสวัสดิ์,ปกติ,0.0,0.0,0.0,0.0,หลับใน
2022-01-20,16:12:12,,ปกติ,0.0,0.0,0.0,0.0,ขับรถเร็วเกินไป
2022-01-20,10:55:55,ศรีรัช-วงแหวนรอบนอก,ปกติ,,0.0,0.0,0.0,ขับชิดขอบทางขวามากเกินไป
2022-01-19,,,ปกติ,0.0,0.0,0.0,0.0,ขับรถเร็วเกินไป
2022-01-19,,ทางหลวงพิเศษหมายเลข 37,,,0.0,0.0,0.0,ขับรถเร็วเกินไป
2022-01-18,,ฉลองรัช,ปกติ,,,0.0,,เบรกกระชั้นชิด
2022-01-17,,บางพลี-สุขสวัสดิ์,ปกติ,1.0,0.0,0.0,0.0,หลับใน
2022-01-17,05:05:05,บางพลี-สุขสวัสดิ์,,1.0,0.0,,,
,09:36:36,,ปกติ,0.0,1.0,,0.0,ขับรถเร็วเกินไป
2022-01-16,00:41:41,ฉลองรัช,ปกติ,0.0,0.0,0.0,,
2022-01-16,05:00:00,บางพลี-สุขสวัสดิ์,ปกติ,1.0,0.0,0.0,0.0,หลับใน
2022-01-15,06:50:50,ฉลองรัช,ปกติ,0.0,1.0,0.0,0.0,ยางแตก
2022-01-15,,บูรพาวิถี,ปกติ,0.0,0.0,0.0,0.0,ขับรถเร็วเกินไป
2022-01-15,14:50:50,เฉลิมมหานคร,ปกติ,1.0,0.0,0.0,,ขับรถช้าลง
2022-01-14,09:14:14,เฉลิมมหานคร,ปกติ,2.0,1.0,0.0,0.0,หลับใน
2022-01-14,19:59:59,ทางหลวงพิเศษหมายเลข 37,ปกติ,,0.0,0.0,0.0,สภาพแวดล้อม
2022-01-11,19:34:34,ศรีรัช-วงแหวนรอบนอก,ปกติ,,,0.0,0.0,เปลี่ยนช่องทางกระทันหัน
2022-01-10,,ฉลองรัช,,1.0,0.0,0.0,0.0,เปลี่ยนช่องทางกระทันหัน
2022-01-09,19:43:43,,ปกติ,1.0,0.0,0.0,0.0,เปลี่ยนช่องทางกระทันหัน
2022-01-09,07:55:55,ฉลองรัช,,0.0,1.0,,0.0,สภาพแวดล้อม
2022-01-08,05:06:06,ฉลองรัช,ปกติ,0.0,0.0,0.0,0.0,ยางแตกล้อหลัง
2022-01-08,12:53:53,ฉลองรัช,ปกติ,0.0,0.0,0.0,0.0,
2022-01-06,,,ปกติ,,0.0,0.0,0.0,ผู้ขับขี่นั่งบุคคลก้มดูโทรศัพท
2022-01-05,09:20:20,ศรีรัช,ปกติ,0.0,1.0,0.0,0.0,
2022-01-05,15:39:39,บูรพาวิถี,ปกติ,0.0,,0.0,0.0,
,19:46:46,,ปกติ,,0.0,0.0,0.0,ขับรถเร็วเกินไป
2022-01-04,,,,0.0,0.0,0.0,0.0,ขับรถเร็วเกินไป
,23:25:25,ศรีรัช,ปกติ,,0.0,0.0,,เปลี่ยนช่องทางกระทันหัน
2022-01-02,19:17:17,,,1.0,0.0,,,ขับรถกระชั้นชิด
2022-01-01,08:30:30,บางพลี-สุขสวัสดิ์,ปกติ,0.0,2.0,0.0,0.0,
2022-01-01,13:07:07,ทางหลวงพิเศษหมายเลข 37,,,0.0,0.0,0.0,
,10:30:30,บูรพาวิถี,,0.0,3.0,0.0,0.0,ขับรถกระชิด
2021-12-31,18:28:28,,ปกติ,0.0,1.0,0.0,0.0,
2021-12-30,22:59:59,ฉลองรัช,ปกติ,1.0,0.0,0.0,0.0,ขับรถเร็วเกินไป
2021-12-28,,บางพลี-สุขสวัสดิ์,ปกติ,0.0,1.0,1.0,0.0,
2021-12-28,20:33:33,,ปกติ,0.0,0.0,0.0,0.0,บรรทุกเกิน/ของตกหล่น
2021-12-27,13:59:59,,,0.0,1.0,0.0,,เปลี่ยนช่องทางกระทันหัน
,23:47:47,บางพลี-สุขสวัสดิ์,ปกติ,,0.0,0.0,0.0,หลับใน
2021-12-25,00:31:31,ศรีรัช,,0.0,0.0,0.0,0.0,
2021-12-24,,ศรีรัช,,0.0,0.0,,,
2021-12-24,22:49:49,ศรีรัช,ปกติ,0.0,0.0,0.0,0.0,หลับใน
,21:32:32,,,0.0,1.0,,0.0,เปลี่ยนช่องทางกระทันหัน
2021-12-24,03:07:07,บางพลี-สุขสวัสดิ์,ปกติ,0.0,0.0,,0.0,ขับรถเร็วเกินไป
2021-12-24,11:07:07,ทางหลวงพิเศษหมายเลข 37,ปกติ,2.0,,,0.0,เบรคขัดข้อง
2021-12-23,18:40:40,ฉลองรัช,ปกติ,1.0,1.0,0.0,,เปลี่ยนช่องทางกระทันหัน
2021-12-23,12:10:10,,ปกติ,2.0,0.0,0.0,0.0,หลับใน
2021-12-23,15:25:25,,,1.0,0.0,0.0,0.0,ผู้ขับขี่หมดสติ
,18:47:47,บางพลี-สุขสวัสดิ์,ปกติ,0.0,0.0,0.0,0.0,หลับใน
2021-12-22,20:45:45,ศรีรัช,ปกติ,,0.0,0.0,0.0,หลับใน
,,ฉลองรัช,,,0.0,0.0,0.0,ขับรถช้าลง
2021-12-22,07:01:01,เฉลิมมหานคร,,1.0,0.0,0.0,0.0,
2021-12-21,23:41:41,ศรีรัช,ปกติ,0.0,,1.0,0.0,เบรคขัดข้อง
,10:08:08,ศรีรัช,,0.0,0.0,0.0,0.0,ขับรถกระชั้นชิด
2021-12-20,12:57:57,บางพลี-สุขสวัสดิ์,ปกติ,2.0,,0.0,0.0,หลับใน
2021-12-19,05:30:30,ศรีรัช,ปกติ,1.0,,,,หลับใน
,19:36:36,ศรีรัช-วงแหวนรอบนอก,ปกติ,,0.0,,,
2021-12-18,,ศรีรัช,ปกติ,0.0,0.0,1.0,2.0,ขับรถเร็วเกินไป
2021-12-18,18:32:32,ศรีรัช,ปกติ,0.0,0.0,0.0,0.0,ขับรถกระชั้นชิด
,20:13:13,ฉลองรัช,ปกติ,1.0,1.0,0.0,0.0,เปลี่ยนช่องทางกระทันหัน
,22:51:51,อุดรรัถยา,ปกติ,1.0,,0.0,0.0,หลับใน
2021-12-18,,เฉลิมมหานคร,ปกติ,0.0,0.0,0.0,,ขับรถเร็วเกินไป
2021-12-18,02:05:05,บางพลี-สุขสวัสดิ์,ปกติ,0.0,0.0,0.0,0.0,
2021-12-18,17:24:24,บางพลี-สุขสวัสดิ์,ปกติ,0.0,0.0,0.0,0.0,เบรคขัดข้อง
2021-12-18,01:06:06,ทางหลวงพิเศษหมายเลข 37,ปกติ,1.0,0.0,,0.0,หลับใน
2021-12-17,13:07:07,บางพลี-สุขสวัสดิ์,ปกติ,,0.0,0.0,0.0,เบรคขัดข้อง
2021-12-16,23:10:10,ศรีรัช,ปกติ,0.0,0.0,0.0,0.0,เบรกกะทันหันรถเสียการทรงตัว
2021-12-16,09:13:13,ฉลองรัช,ปกติ,2.0,0.0,0.0,0.0,
2021-12-15,,ศรีรัช,,0.0,0.0,,0.0,
2021-12-15,,ศรีรัช,ปกติ,0.0,0.0,0.0,,ขับรถกระชั้นชิด
2021-12-15,17:23:23,ฉลองรัช,,1.0,2.0,0.0,,
2021-12-15,10:58:58,บูรพาวิถี,ปกติ,1.0,0.0,0.0,,
2021-12-14,01:42:42,เฉลิมมหานคร,ปกติ,0.0,,0.0,0.0,
2021-12-14,04:40:40,เฉลิมมหานคร,ปกติ,,0.0,0.0,0.0,หลับใน
,00:35:35,เฉลิมมหานคร,ปกติ,1.0,0.0,,0.0,
2021-12-12,04:12:12,เฉลิมมหานคร,ปกติ,,0.0,0.0,0.0,ขับรถเร็วเกินไป
,16:41:41,ศรีรัช,ปกติ,0.0,,,0.0,
2021-12-10,,เฉลิมมหานคร,ปกติ,0.0,0.0,0.0,,
,19:42:42,,,,1.0,0.0,0.0,
2021-12-07,,เฉลิมมหานคร,ปกติ,0.0,2.0,0.0,0.0,ขับรถเร็วเกินไป
2021-12-06,,,ปกติ,0.0,0.0,,0.0,
2021-12-06,18:21:21,บูรพาวิถี,ปกติ,2.0,3.0,0.0,0.0,ขับรถเร็วเกินไป
2021-12-06,15:07:07,,,,1.0,0.0,0.0,ขับรถกระชั้นชิด
,04:37:37,,ปกติ,1.0,,0.0,,เปลี่ยนช่องทางกระทันหัน
2021-12-05,14:07:07,ศรีรัช,ปกติ,0.0,0.0,0.0,0.0,ขับรถกระชั้นชิด
2021-12-05,,ศรีรัช,,,0.0,0.0,0.0,เปลี่ยนช่องทางกระทันหัน
2021-12-05,22:25:25,อุดรรัถยา,ปกติ,0.0,0.0,0.0,0.0,หลับใน
2021-12-05,00:55:55,เฉลิมมหานคร,ปกติ,0.0,1.0,0.0,0.0,หลับใน
2021-12-05,14:25:25,เฉลิมมหานคร,,0.0,0.0,0.0,0.0,
2021-12-04,00:36:36,ศรีรัช,ปกติ,0.0,0.0,,0.0,เปลี่ยนช่องทางกระทันหัน
2021-12-04,22:37:37,ฉลองรัช,,,0.0,0.0,0.0,ก้มเก็บสิ่งของ
,,ทางหลวงพิเศษหมายเลข 37,ปกติ,0.0,,0.0,0.0,เปลี่ยนช่องทางกระทันหัน
2021-12-03,00:47:47,ฉลองรัช,ปกติ,0.0,1.0,0.0,0.0,ขับรถเร็วเกินไป
2021-12-03,08:25:25,เฉลิมมหานคร,ปกติ,1.0,0.0,0.0,0.0,เปลี่ยนช่องทางกระทันหัน
2021-12-02,20:28:28,บูรพาวิถี,ปกติ,0.0,0.0,0.0,0.0,สภาพแวดล้อม
2021-12-01,22:57:57,ศรีรัช,ปกติ,0.0,1.0,,,เปลี่ยนช่องทางกระทันหัน
2021-12-01,22:35:35,,ปกติ,,0.0,0.0,0.0,
,21:13:13,ศรีรัช,ปกติ,0.0,1.0,0.0,0.0,
2021-11-30,10:22:22,อุดรรัถยา,ปกติ,0.0,0.0,0.0,0.0,ก้มเก็บของในรถ
2021-11-30,,เฉลิมมหานคร,,0.0,0.0,0.0,0.0,หลับใน
2021-11-29,01:35:35,,ปกติ,0.0,0.0,0.0,0.0,หลับใน
,09:26:26,เฉลิมมหานคร,ปกติ,0.0,0.0,0.0,0.0,ขับรถกระชั้นชิด
2021-11-28,,ศรีรัช,ปกติ,0.0,0.0,0.0,0.0,
2021-11-28,,เฉลิมมหานคร,,0.0,1.0,0.0,0.0,ขับขี่ในระยะกระชั้นชิด
2021-11-28,10:12:12,เฉลิมมหานคร,ปกติ,0.0,0.0,0.0,0.0,เปลี่ยนช่องทางกระทันหัน
,16:26:26,เฉลิมมหานคร,ปกติ,0.0,0.0,0.0,0.0,เปลี่ยนช่องทางกระทันหัน
2021-11-28,23:40:40,เฉลิมมหานคร,ปกติ,0.0,,0.0,0.0,ขับรถเร็วเกินไป
,08:22:22,ศรีรัช,ปกติ,0.0,,0.0,,เปลี่ยนช่องทางกระทันหัน
,18:35:35,ศรีรัช,ปกติ,0.0,,,0.0,ขับรถกระชั้นชิด
,11:43:43,บางพลี-สุขสวัสดิ์,ปกติ,0.0,0.0,0.0,,ระบบไฟฟ้าขัดข้อง
2021-11-25,22:41:41,ศรีรัช-วงแหวนรอบนอก,ปกติ,0.0,0.0,0.0,0.0,เปลี่ยนช่องทางกระทันหัน
2021-11-24,19:28:28,,,,0.0,0.0,0.0,เลรคกะทันหัน
2021-11-23,12:48:48,อุดรรัถยา,,0.0,0.0,0.0,,
2021-11-21,,บูรพาวิถี,ปกติ,4.0,1.0,0.0,0.0,
2021-11-21,,เฉลิมมหานคร,ปกติ,2.0,0.0,0.0,0.0,เปลี่ยนช่องทางกระทันหัน
2021-11-21,,ศรีรัช-วงแหวนรอบนอก,,0.0,0.0,0.0,0.0,ขับรถเร็วเกินไป
2021-11-20,13:03:03,,ปกติ,,,0.0,,ขับรถกระชั้นชิด
2021-11-20,,ฉลองรัช,ปกติ,,,0.0,,ขับรถเร็วเกินไป
2021-11-20,21:38:38,เฉลิมมหานคร,,0.0,,,,เปลี่ยนช่องทางกระทันหัน
2021-11-20,22:12:12,,ปกติ,0.0,0.0,,,ขับรถเร็วเกินไป
2021-11-19,11:17:17,ศรีรัช,ปกติ,0.0,1.0,0.0,0.0,ขับรถกระชั้นชิด
2021-11-19,16:11:11,ศรีรัช,,2.0,0.0,0.0,0.0,เปลี่ยนช่องทางกระทันหัน
2021-11-19,19:37:37,ศรีรัช,ปกติ,,0.0,,,ขับรถกระชั้นชิด
,09:20:20,เฉลิมมหานคร,ปกติ,,0.0,,,เปลี่ยนช่องทางกระทันหัน
2021-11-19,15:40:40,บางพลี-สุขสวัสดิ์,ปกติ,2.0,1.0,0.0,0.0,ขับรถกระชั้นชิด
,,,ปกติ,0.0,2.0,0.0,0.0,กระชั้นชิดเบรกไม่ทัน
2021-11-18,14:49:49,บูรพาวิถี,ปกติ,0.0,0.0,,0.0,ขับรถเร็วเกินไป
2021-11-18,00:10:10,เฉลิมมหานคร,ปกติ,0.0,0.0,1.0,0.0,หลับใน
,01:58:58,บางพลี-สุขสวัสดิ์,ปกติ,1.0,0.0,0.0,0.0,
2021-11-17,21:55:55,ศรีรัช,ปกติ,2.0,0.0,0.0,0.0,
,08:23:23,เฉลิมมหานคร,ปกติ,0.0,,0.0,0.0,ขับรถเร็วเกินไป
,10:55:55,ศรีรัช,,0.0,,0.0,0.0,หลับใน
2021-11-16,02:48:48,บางพลี-สุขสวัสดิ์,,0.0,0.0,0.0,0.0,ยางแตก
,09:25:25,ศรีรัช-วงแหวนรอบนอก,,0.0,0.0,0.0,0.0,เปลี่ยนช่องทางกระทันหัน
2021-11-14,,เฉลิมมหานคร,,0.0,0.0,0.0,0.0,ขับรถกระชั้นชิด
2021-11-13,21:20:20,อุดรรัถยา,ปกติ,,0.0,0.0,0.0,เปลี่ยนช่องทางกระทันหัน
2021-11-12,,,ปกติ,0.0,,0.0,0.0,เปลี่ยนช่องทางกระทันหัน
,11:00:00,เฉลิมมหานคร,ปกติ,0.0,0.0,0.0,,ขับรถกระชั้นชิด
2021-11-11,10:22:22,ศรีรัช,ปกติ,0.0,0.0,,0.0,สภาพแวดล้อม
2021-11-10,,ศรีรัช,ปกติ,0.0,0.0,0.0,0.0,
2021-11-10,11:23:23,,ปกติ,,0.0,0.0,0.0,ขับรถกระชั้นชิด
2021-11-10,23:37:37,ศรีรัช,ปกติ,0.0,0.0,0.0,,
2021-11-09,00:45:45,,ปกติ,0.0,0.0,0.0,0.0,กระบะToyotaทำสิ่งของตกหล่น
2021-11-09,20:26:26,ศรีรัช,,0.0,0.0,0.0,0.0,
2021-11-09,10:09:09,,,1.0,0.0,,0.0,ยางแตก
,20:55:55,เฉลิมมหานคร,ปกติ,0.0,0.0,1.0,,เปลี่ยนช่องทางกระทันหัน
2021-11-09,21:24:24,เฉลิมมหานคร,ปกติ,1.0,0.0,0.0,0.0,เปลี่ยนช่องทางกระทันหัน
2021-11-09,15:51:51,ทางหลวงพิเศษหมายเลข 37,ปกติ,,1.0,0.0,0.0,
2021-11-08,13:18:18,ศรีรัช,ปกติ,0.0,0.0,,0.0,ขับรถกระชั้นชิด
2021-11-08,15:06:06,ศรีรัช,ปกติ,0.0,0.0,0.0,0.0,ขับรถกระชั้นชิด
2021-11-08,23:39:39,ศรีรัช,ปกติ,1.0,0.0,0.0,0.0,หลับใน
2021-11-08,05:31:31,,ปกติ,0.0,0.0,0.0,0.0,เปลี่ยนช่องทางกระทันหัน
2021-11-07,10:30:30,ทางหลวงพิเศษหมายเลข 37,ปกติ,0.0,1.0,0.0,0.0,ยางแตก
2021-11-05,21:42:42,เฉลิมมหานคร,,0.0,0.0,0.0,0.0,
2021-11-05,21:27:27,,ปกติ,0.0,0.0,0.0,0.0,หลับใน
2021-11-04,,ศรีรัช,ปกติ,0.0,0.0,0.0,0.0,ขับรถกระชั้นชิด
2021-11-04,22:38:38,ศรีรัช,ปกติ,0.0,0.0,0.0,0.0,เปลี่ยนช่องทางกระทันหัน
2021-11-04,06:30:30,บางพลี-สุขสวัสดิ์,ปกติ,,0.0,0.0,0.0,
2021-11-03,,ศรีรัช,ปกติ,1.0,1.0,0.0,0.0,เบรคขัดข้อง
2021-11-03,15:35:35,บางพลี-สุขสวัสดิ์,ปกติ,1.0,0.0,0.0,0.0,หลับใน
2021-11-03,17:09:09,บางพลี-สุขสวัสดิ์,ปกติ,0.0,0.0,0.0,0.0,เปลี่ยนช่องทางกระทันหัน
2021-11-02,,ศรีรัช,ปกติ,0.0,0.0,0.0,0.0,เบรกกะทันหัน
2021-11-02,,ศรีรัช,ปกติ,0.0,0.0,,0.0,เปลี่ยนช่องทางกระทันหัน
2021-11-02,,เฉลิมมหานคร,ปกติ,,0.0,,,
,09:24:24,บางพลี-สุขสวัสดิ์,ปกติ,0.0,,0.0,0.0,ขับรถกระชั้นชิด
,,ฉลองรัช,,2.0,0.0,,0.0,ขับรถเร็วเกินไป
2021-11-01,,ฉลองรัช,,0.0,0.0,,0.0,เปลี่ยนช่องทางกระทันหัน
2021-11-01,,,ปกติ,,0.0,0.0,,หลับใน
2021-10-31,23:39:39,ศรีรัช,,0.0,0.0,,0.0,เปลี่ยนช่องทางกระทันหัน
2021-10-31,07:46:46,ฉลองรัช,ปกติ,,0.0,0.0,0.0,ยางแตก
2021-10-30,01:20:20,บูรพาวิถี,ปกติ,1.0,0.0,0.0,0.0,
2021-10-30,22:21:21,บูรพาวิถี,ปกติ,0.0,1.0,0.0,0.0,เปลี่ยนช่องทางกระทันหัน
2021-10-30,18:30:30,เฉลิมมหานคร,ปกติ,0.0,0.0,0.0,0.0,
2021-10-30,08:39:39,บางพลี-สุขสวัสดิ์,ปกติ,0.0,0.0,0.0,0.0,เบรคกะทันหัน
2021-10-29,14:51:51,ศรีรัช,ปกติ,0.0,0.0,,0.0,เบรคกะทันหัน
2021-10-29,18:08:08,บูรพาวิถี,ปกติ,0.0,,,0.0,
2021-10-29,14:15:15,เฉลิมมหานคร,ปกติ,0.0,0.0,0.0,,ขับรถกระชั้นชิด
2021-10-29,14:58:58,,ปกติ,1.0,0.0,,0.0,
2021-10-28,00:28:28,,,0.0,1.0,0.0,0.0,เปลี่ยนช่องทางกระทันหัน
2021-10-28,,ฉลองรัช,ปกติ,,0.0,0.0,0.0,เปลี่ยนช่องทางกระทันหัน
2021-10-28,10:46:46,อุดรรัถยา,ปกติ,,0.0,0.0,0.0,
2021-10-28,12:54:54,เฉลิมมหานคร,ปกติ,0.0,,0.0,0.0,หลับใน
2021-10-28,,บางพลี-สุขสวัสดิ์,,0.0,0.0,0.0,,เปลี่ยนช่องทางกระทันหัน
,13:37:37,บูรพาวิถี,,0.0,0.0,0.0,0.0,
2021-10-27,15:52:52,เฉลิมมหานคร,ปกติ,0.0,,0.0,0.0,ขับรถในระยะกระชั้นชิด
2021-10-27,07:21:21,บางพลี-สุขสวัสดิ์,,0.0,0.0,0.0,0.0,ยางแตก
2021-10-26,18:42:42,,ปกติ,0.0,0.0,0.0,0.0,ขับรถเร็วเกินไป
,18:53:53,,ปกติ,0.0,,0.0,,เปลี่ยนช่องทางกระทันหัน
,13:00:00,เฉลิมมหานคร,ปกติ,0.0,0.0,0.0,0.0,ขับรถในระยะกระชั้นชิด
2021-10-26,18:48:48,,ปกติ,0.0,0.0,0.0,,ขับรถเร็วเกินไป
2021-10-25,07:13:13,บูรพาวิถี,ปกติ,0.0,0.0,0.0,0.0,ล้อหลุด
2021-10-25,11:29:29,บางพลี-สุขสวัสดิ์,,1.0,0.0,0.0,0.0,
2021-10-24,,เฉลิมมหานคร,,1.0,0.0,0.0,,หลับใน
,12:23:23,บางพลี-สุขสวัสดิ์,ปกติ,1.0,0.0,0.0,0.0,
,,บางพลี-สุขสวัสดิ์,,0.0,0.0,,0.0,ยางแตก
2021-10-24,16:42:42,,ปกติ,,0.0,0.0,0.0,เบรคขัดข้อง
2021-10-24,19:29:29,,ปกติ,0.0,0.0,0.0,,
2021-10-23,08:03:03,บางพลี-สุขสวัสดิ์,ปกติ,,0.0,0.0,,
2021-10-23,19:18:18,บางพลี-สุขสวัสดิ์,ปกติ,0.0,0.0,0.0,,เปลี่ยนช่องทางกระทันหัน
,10:08:08,ศรีรัช,ปกติ,2.0,2.0,,,ขับรถกระชั้นชิด
,04:57:57,ศรีรัช,,1.0,0.0,,,เปลี่ยนช่องทางกระทันหัน
2021-10-21,05:55:55,ฉลองรัช,ปกติ,0.0,0.0,0.0,0.0,
2021-10-21,07:46:46,ทางหลวงพิเศษหมายเลข 37,ปกติ,0.0,0.0,,0.0,ล้อหลุด
2021-10-20,07:16:16,ฉลองรัช,ปกติ,0.0,0.0,0.0,0.0,
2021-10-20,21:10:10,ฉลองรัช,ปกติ,0.0,0.0,0.0,,
2021-10-20,09:03:03,บางพลี-สุขสวัสดิ์,,0.0,,0.0,0.0,เบรคกระชั้นชิด
2021-10-20,,ทางหลวงพิเศษหมายเลข 37,,0.0,0.0,,0.0,
,,ศรีรัช,,0.0,,0.0,,เปลี่ยนช่องทางกระทันหัน
2021-10-19,,ศรีรัช,ปกติ,0.0,,0.0,0.0,เปลี่ยนช่องทางกระทันหัน
2021-10-18,16:53:53,,ปกติ,0.0,0.0,0.0,0.0,ขับรถกระชันชิด
2021-10-18,09:29:29,ฉลองรัช,ปกติ,0.0,0.0,0.0,0.0,สภาพแวดล้อม
,22:38:38,เฉลิมมหานคร,ปกติ,1.0,0.0,0.0,0.0,ขับรถเร็วเกินไป
,01:05:05,ศรีรัช,ฝนตก,0.0,1.0,,0.0,ขับรถเร็วเกินไป
2021-10-17,,ศรีรัช,ฝนตก,0.0,2.0,0.0,0.0,เปลี่ยนช่องทางกระทันหัน
2021-10-17,08:51:51,,ฝนตก,0.0,,,0.0,เสียหลัก
2021-10-17,13:26:26,,ปกติ,1.0,0.0,0.0,,เปลี่ยนช่องทางกระทันหัน
2021-10-17,16:26:26,ศรีรัช-วงแหวนรอบนอก,,0.0,0.0,0.0,0.0,เปลี่ยนช่องทางกระทันหัน
2021-10-16,23:19:19,เฉลิมมหานคร,ปกติ,1.0,0.0,0.0,,สภาพแวดล้อม
,23:50:50,,ฝนตก,0.0,0.0,0.0,0.0,สภาพแวดล้อม
,,อุดรรัถยา,ปกติ,0.0,,0.0,0.0,เปลี่ยนช่องทางกระทันหัน
,17:03:03,บางพลี-สุขสวัสดิ์,ฝนตก,0.0,0.0,0.0,0.0,เบรกกะทันหัน
2021-10-14,,ศรีรัช,ปกติ,0.0,0.0,0.0,,เปลี่ยนช่องทางเบรกกะทันหัน
2021-10-14,17:40:40,ฉลองรัช,ปกติ,,0.0,,0.0,เบรคกระทันหัน
2021-10-14,,,ปกติ,0.0,0.0,0.0,0.0,
2021-10-14,00:28:28,,,0.0,1.0,0.0,0.0,หลับใน
2021-10-12,11:01:01,ศรีรัช,ปกติ,0.0,0.0,0.0,0.0,เบครกระทันหัน
2021-10-12,23:08:08,ศรีรัช,ปกติ,0.0,0.0,0.0,0.0,เปลี่ยนช่องทางกระทันหัน
2021-10-12,00:56:56,ฉลองรัช,ปกติ,1.0,0.0,,0.0,หลับใน
2021-10-12,,บูรพาวิถี,ปกติ,,,,0.0,
2021-10-12,,เฉลิมมหานคร,ปกติ,0.0,0.0,0.0,0.0,เบรคกะทันหัน
2021-10-12,16:20:20,บางพลี-สุขสวัสดิ์,ปกติ,0.0,0.0,,0.0,เบรคกระทันหัน
,15:34:34,ทางหลวงพิเศษหมายเลข 37,ปกติ,0.0,0.0,0.0,0.0,
2021-10-12,,ทางหลวงพิเศษหมายเลข 37,ปกติ,0.0,0.0,0.0,,เปลี่ยนช่องทางกระทันหัน
2021-10-11,11:18:18,,ปกติ,,0.0,0.0,0.0,เปลี่ยนช่องทางกระทันหัน
2021-10-11,10:34:34,,ปกติ,0.0,0.0,0.0,0.0,ขับรถกระชั้นชิด
2021-10-10,15:26:26,,ปกติ,0.0,0.0,0.0,0.0,ยางแตก
2021-10-10,20:01:01,เฉลิมมหานคร,ปกติ,0.0,0.0,,0.0,เปลี่ยนช่องทางกระทันหัน
2021-10-09,10:48:48,,ปกติ,2.0,0.0,0.0,0.0,เปลี่ยนช่องทางกระทันหัน
,13:39:39,บางพลี-สุขสวัสดิ์,,0.0,0.0,0.0,0.0,สลักตัวยึดหลุด
2021-10-08,17:09:09,เฉลิมมหานคร,ปกติ,0.0,0.0,0.0,0.0,ขับรถกระชั้นชิด
2021-10-07,10:19:19,เฉลิมมหานคร,ปกติ,0.0,0.0,0.0,0.0,ขับรถกระชั้นชิด
2021-10-05,08:25:25,บูรพาวิถี,ปกติ,1.0,0.0,0.0,0.0,ขับรถเร็วเกินไป
2021-10-05,10:37:37,บูรพาวิถี,ปกติ,0.0,0.0,0.0,0.0,ขับรถเร็วเกินไป
2021-10-05,08:18:18,ทางหลวงพิเศษหมายเลข 37,ปกติ,,0.0,0.0,0.0,เปลี่ยนช่องทางกระทันหัน
2021-10-04,16:19:19,บูรพาวิถี,,,0.0,0.0,0.0,ยางแตก
,10:43:43,,ปกติ,1.0,0.0,0.0,0.0,
,21:56:56,ศรีรัช-วงแหวนรอบนอก,,0.0,0.0,0.0,0.0,
2021-10-01,,ศรีรัช,,0.0,0.0,,0.0,เบรคขัดข้อง
2021-10-01,14:40:40,ศรีรัช-วงแหวนรอบนอก,ฝนตก,,0.0,0.0,,สภาพแวดล้อม
